{
  "cost_weight": 0.10416065437294404,
  "service_weight": 0.21417952193902326,
  "compliance_weight": 0.34768431511663334,
  "max_cascade_depth": 1
}