{
  "cost_weight": 0.14466262769493693,
  "service_weight": 0.5492506736871222,
  "compliance_weight": 0.3861927774754359,
  "max_cascade_depth": 1
}