{
  "cost_weight": 0.38178480592076847,
  "service_weight": 0.32947364801356605,
  "compliance_weight": 0.5775362963255516,
  "max_cascade_depth": 1
}