{
  "cost_weight": 0.6571951240147721,
  "service_weight": 0.4684187110125132,
  "compliance_weight": 0.25511833013158525,
  "max_cascade_depth": 2
}