{
  "cost_weight": 0.6633658258067828,
  "service_weight": 0.5952823179483409,
  "compliance_weight": 0.5025960000667904,
  "max_cascade_depth": 2
}