{
  "cost_weight": 0.17667912085363005,
  "service_weight": 0.3295897408569939,
  "compliance_weight": 0.3237661886375035,
  "max_cascade_depth": 2
}