{
  "cost_weight": 0.25472441754532027,
  "service_weight": 0.21109657134006407,
  "compliance_weight": 0.1928810335990839,
  "max_cascade_depth": 1
}