{
  "cost_weight": 0.20100356754412618,
  "service_weight": 0.282398997511342,
  "compliance_weight": 0.4224045872004957,
  "max_cascade_depth": 1
}