{
  "cost_weight": 0.5808866014993955,
  "service_weight": 0.2524085057134997,
  "compliance_weight": 0.49774344134639437,
  "max_cascade_depth": 3
}