{
  "cost_weight": 0.3118380176901486,
  "service_weight": 0.43921157634790786,
  "compliance_weight": 0.48115597475061045,
  "max_cascade_depth": 2
}