{
  "cost_weight": 0.19267722701146245,
  "service_weight": 0.23748656147621974,
  "compliance_weight": 0.20909451664919762,
  "max_cascade_depth": 3
}