{
  "cost_weight": 0.2694139240657504,
  "service_weight": 0.3997844006502278,
  "compliance_weight": 0.22192892443597448,
  "max_cascade_depth": 1
}