{
  "cost_weight": 0.47380606558243954,
  "service_weight": 0.47289711946987933,
  "compliance_weight": 0.533537789165535,
  "max_cascade_depth": 3
}