{
  "cost_weight": 0.19157706801758767,
  "service_weight": 0.3768433815776272,
  "compliance_weight": 0.23853550535463572,
  "max_cascade_depth": 1
}