{
  "cost_weight": 0.5610587115523025,
  "service_weight": 0.4209420870249214,
  "compliance_weight": 0.4678865522916712,
  "max_cascade_depth": 2
}