{
  "cost_weight": 0.37772078707068446,
  "service_weight": 0.4201928680082829,
  "compliance_weight": 0.3272320237275155,
  "max_cascade_depth": 3
}