{
  "cost_weight": 0.5401756580327296,
  "service_weight": 0.17159477134566983,
  "compliance_weight": 0.5756894421814637,
  "max_cascade_depth": 1
}