{
  "cost_weight": 0.2448541873661845,
  "service_weight": 0.46768794897091914,
  "compliance_weight": 0.19401791945170274,
  "max_cascade_depth": 1
}