{
  "cost_weight": 0.5248429407338913,
  "service_weight": 0.2096970258967695,
  "compliance_weight": 0.17845976234557068,
  "max_cascade_depth": 2
}