{
  "cost_weight": 0.554570886106069,
  "service_weight": 0.19239495721687053,
  "compliance_weight": 0.3612971647358455,
  "max_cascade_depth": 3
}