{
  "cost_weight": 0.1338608758150792,
  "service_weight": 0.21983700229875106,
  "compliance_weight": 0.2075438156778134,
  "max_cascade_depth": 2
}