{
  "cost_weight": 0.4257945824543137,
  "service_weight": 0.33111826536012856,
  "compliance_weight": 0.4481461598399036,
  "max_cascade_depth": 1
}