{
  "cost_weight": 0.5180837272013048,
  "service_weight": 0.11543953654434766,
  "compliance_weight": 0.13468484902432418,
  "max_cascade_depth": 3
}