{
  "cost_weight": 0.5142969606490995,
  "service_weight": 0.3672758937796269,
  "compliance_weight": 0.43338236806781527,
  "max_cascade_depth": 1
}