{
  "cost_weight": 0.11727491292054829,
  "service_weight": 0.12758344414770453,
  "compliance_weight": 0.19591047385626956,
  "max_cascade_depth": 3
}