{
  "cost_weight": 0.6908660741329511,
  "service_weight": 0.25026411942157,
  "compliance_weight": 0.18363788186313693,
  "max_cascade_depth": 3
}